,CAR 10:1,CAR 18:2,CAR 18:1,Cer 34:1,Cer 36:1,Cer 38:1,Cer 40:2,Cer 40:1,Cer 41:2,Cer 41:1,Cer 42:3,Cer 42:2,Cer 42:1,CE 14:0,CE 15:0,CE 16:1,CE 17:1,CE 18:3,CE 18:2,CE 19:6,CE 19:5,CE 19:1,CE 20:5,CE 20:4,CE 21:1,CE 22:6,CE 22:2,CE 23:2,DAG 34:2,DAG 34:1,DAG 36:4,DAG 36:3,DAG 36:2,LPC O-16:1,LPC O-16:0,LPC O-18:1,LPC 14:0,LPC 15:0,LPC 16:1,LPC 16:0,LPC 17:0,LPC 18:3,LPC 18:2,LPC 18:1,LPC 18:0,LPC 19:6,LPC 20:5,LPC 20:4,LPC 20:3,LPC 20:2,LPC 20:1,LPC 22:6,LPC 22:5,LPE 16:0,LPE 18:2,LPE 18:0,LPE 20:4,LPE 22:6,PC-O 32:2,PC-O 32:1,PC-O 32:0,PC-O 34:3,PC-O 34:2,PC-O 34:1,PC-O 36:6,PC-O 36:5,PC-O 36:4,PC-O 36:3,PC-O 36:2,PC-O 38:7,PC-O 38:6,PC-O 38:5,PC-O 38:4,PC-O 40:8,PC-O 40:7,PC-O 40:6,PC-O 40:5,PC-O 40:4,PC-O 42:8,PC-O 42:4,PC 30:0,PC 31:2,PC 31:0,PC 32:3,PC 32:2,PC 32:1,PC 32:0,PC 33:5,PC 33:4,PC 33:3,PC 33:2,PC 33:1,PC 33:0,PC 34:5,PC 34:4,PC 34:3,PC 34:2,PC 35:5,PC 35:4,PC 35:3,PC 35:2,PC 35:1,PC 36:6,PC 36:5,PC 36:4,PC 36:3,PC 36:2,PC 37:7,PC 37:6,PC 37:5,PC 37:4,PC 37:3,PC 37:2,PC 38:7,PC 38:6,PC 38:3,PC 39:8,PC 39:7,PC 39:6,PC 39:5,PC 39:4,PC 39:3,PC 40:8,PC 40:7,PC 40:6,PC 40:5,PC 40:4,PC 42:8,PC 42:7,PC 42:5,PE-P 34:2,PE-P 36:4,PE-P 36:2,PE-P 38:6,PE-P 40:7,PE-P 40:6,PE 34:2,PE 36:5,PE 36:4,PE 36:3,PE 36:2,PE 36:1,PE 38:5,PE 38:4,PE 38:3,PE 40:7,PE 40:6,PE 40:5,PE 40:4,PE 42:8,PI 38:4,SM 30:1,SM 32:2,SM 32:1,SM 33:1,SM 34:2,SM 34:1,SM 35:2,SM 35:1,SM 36:3,SM 36:2,SM 36:1,SM 37:1,SM 38:2,SM 39:2,SM 39:1,SM 40:2,SM 40:1,SM 41:3,SM 41:2,SM 41:1,SM 42:2,TG 46:2,TG 46:1,TG 46:0,TG 48:4,TG 48:3,TG 48:2,TG 48:1,TG 49:3,TG 49:2,TG 49:1,TG 50:5,TG 50:4,TG 50:3,TG 50:2,TG 50:1,TG 51:4,TG 51:3,TG 51:2,TG 51:1,TG 52:6,TG 52:5,TG 52:4,TG 52:3,TG 52:2,TG 53:5,TG 53:4,TG 53:3,TG 53:2,TG 54:8,TG 53:1,TG 54:7,TG 54:6,TG 54:5,TG 54:4,TG 54:3,TG 55:8,TG 55:4,TG 56:8,TG 56:7,TG 56:6,TG 56:5,TG 56:4,TG 56:2,TG 58:8,TG 58:7,TG 58:6,TG 58:5,TG 58:3,TG 58:2
s1,12.433985467965703,12.690103316299933,13.256089085835724,13.119625723070332,11.827784760874314,12.15856975234931,12.927652926969758,14.014250565603383,12.720909654165633,13.759815089793964,13.240763400344685,15.217018993810774,14.651253579125305,14.016721751461416,12.43332527030075,19.201429294004853,15.00307119093858,18.78972739738037,24.56669401946253,19.81103839930332,16.746547815826354,13.288703780853648,18.64987531608252,20.859694563684663,12.45944116680509,19.59333654860969,14.188792057090032,16.831558465091604,16.779168660868734,16.761995931441803,16.088739551879492,17.427166639945217,16.9583515076993,13.364696796012952,13.37208168789955,12.95961650491546,14.03692246734378,14.294382663739782,15.300024762769183,20.640777572840985,15.10970211099874,18.00131077076903,18.732046682019032,18.23180124595436,19.285308199310226,13.023897454684692,15.876648165189222,16.1126917220295,16.77482967771303,12.54400596951063,11.89017384993834,14.58229884741239,12.267195092372956,12.393616251880475,14.322019922550911,14.294382663739782,12.794702254737311,13.023897454684692,12.475706802703714,15.827477276653912,15.626131585990018,18.00545600425023,17.898261997061073,16.76981718253459,14.225109526470366,17.409607040451295,18.1315555693656,16.641816717971693,15.556182215211308,16.482294433168303,17.482045254720585,18.285685588913548,17.203489094362443,15.637556117624568,16.955062873870812,16.484793764251187,15.20230094400756,14.781924216593264,14.047269851669212,13.79044605234096,16.71563007691393,14.255877658521673,15.579373235812913,14.145885682046844,17.692817264053698,19.72068501148044,18.80000314882132,14.289013898688676,15.153179760852334,14.742397975845586,17.926530998991915,17.65665706593233,13.88580987557842,14.168432668629393,16.450359966415466,19.149267921350525,24.459983648598254,15.81024021759098,16.953486094193178,16.662131076280822,18.9410196251828,16.744773304493627,16.19221119257829,21.705502043718813,22.36000200106194,22.298800468412303,23.39687484772469,15.593799828211292,16.218541531950724,17.5194800062832,17.129818464405133,16.231948961551282,15.563780025877849,19.58335003216937,22.283891324862463,19.80687252206824,13.698116126497492,15.46374209105932,16.809117220835017,14.633263040547815,14.183827402618876,12.42912076147656,18.141721907262024,19.31629042628376,20.92261875064125,17.70462553819037,16.13256516389259,15.978532572165031,13.606919270742509,13.427198348020363,13.394091449152716,16.107790718232327,14.945085084939052,15.086250073658318,15.764529797605183,14.715045937815594,14.255877658521673,14.289013898688676,15.153179760852334,14.742397975845586,17.926530998991915,17.65665706593233,15.81024021759098,16.953486094193178,16.662131076280822,15.593799828211292,16.218541531950724,17.5194800062832,17.129818464405133,13.698116126497492,14.855538278956208,12.573695981960569,14.163817110324954,17.60539045528444,16.808159980488767,18.37537327564324,21.08993192383922,13.1937889187808,15.477024214326145,13.876458679202075,17.889588345961926,18.48960409695978,14.728501229545124,16.134867846495787,8.092064736066156,15.813339669822817,18.092444009954427,17.741807895281386,14.849169346882311,17.124876900432316,16.830152163810844,19.10958025779325,18.11544414528983,20.10483453968286,16.9429968194585,17.43992787888724,19.863117200429333,21.555650950072177,20.901135603688992,17.42120122693294,19.20709675470297,19.48100228263036,17.473646794006836,20.39677660427674,22.5209779563406,23.43261876916737,22.80687987385268,17.939240715444807,19.63932898899609,20.3218892916251,18.76466242322006,18.01436483959354,20.84347621018187,23.57039351266481,24.618129674871884,22.51496171422504,17.675236234901217,18.543572700541244,19.713664573345262,19.366158957858115,15.896900567944355,16.27026400909483,18.560262810513,20.805911673638366,21.93470738506313,22.66693585509605,22.630737419136125,18.43532311982667,15.777981009712637,18.54991132513551,19.436904112382667,19.304510891807475,18.53523707570694,17.615915774640683,17.670675551241725,17.179211552327196,16.530031125463907,16.22932511302803,14.197393251109428,16.985099871533183,16.652355873353507
s2,14.29734486705848,14.228247723606604,15.02492857380014,13.360912589468107,11.304632364934262,12.095571984132516,12.60719036076926,13.872478242312896,12.58285614035913,13.398874884864824,13.143410740181196,15.345061019991716,14.946294965138527,13.295399034401916,12.441251202282755,18.935213718088846,14.35376951718846,19.50525996824724,25.04498770546393,21.042889637064448,17.783506428207627,13.659228393847531,18.262039606054927,21.703629588504537,12.65183061574109,19.3920421870665,14.779138449234766,17.139274101655108,15.841810267790764,16.15036035529936,15.1723623136067,16.72018174076599,16.758308036449524,13.726305972803535,13.142267447955804,13.43165604607813,13.778012428493884,14.016903909115866,15.35533994260635,21.019595815732576,14.614200181010368,18.701333479957587,19.574624306572623,19.235417146430787,19.23149323425961,12.875019140540257,17.01851631732113,17.331046543199793,16.870739701379048,13.262756334500503,13.051925067063316,14.53900738348618,12.876031173583335,12.56283502380406,14.5355141615039,14.016903909115866,13.593676953734365,12.875019140540257,13.199363385497836,16.057831055307997,15.838624404781584,18.73876302529945,18.163856483808303,17.724466094063757,14.30682205731932,17.77560962623054,18.03983365679025,16.933044985000585,15.792635930003188,16.166527811282645,17.255683189190535,18.784680166583552,16.168432120576163,16.196258450323967,16.339733179165247,16.136671422294075,15.9612508651704,14.6676472331852,14.12084525392627,14.034228127388449,16.377724356909503,14.239036070016033,14.50994101325081,14.246542714251197,17.699657739718457,19.54028692851117,19.442543056307564,14.596301020555972,15.618808946860463,15.122665891779072,17.331623282637814,16.87968906439101,11.27987038787048,14.167457259401772,16.55306184884173,19.536751471563363,24.797133662871307,15.371184189889496,16.004612746256136,16.470146537825084,18.03144810547705,15.816080934597611,16.228698447734597,21.99739794935791,22.7513698940654,22.386194489448133,23.3950488888221,14.646173908267563,15.9323128119176,17.69689261727791,16.649874921017084,14.811862916912258,15.156488117501684,20.113185338934542,21.89493371230852,18.967217515528745,12.730557799204233,15.154535127589634,15.754105065951974,14.525664615003896,13.642873121653016,12.647355473667105,18.358864248858115,19.516531805482703,20.003972050482936,18.03468897821548,15.77571521592537,15.662559434014518,13.81223510026032,13.600545407493174,13.26802143033492,15.238074025043746,15.02392501712604,14.59550371556222,14.41673444442604,13.675036854058662,14.239036070016033,14.596301020555972,15.618808946860463,15.122665891779072,17.331623282637814,16.87968906439101,15.371184189889496,16.004612746256136,16.470146537825084,14.646173908267563,15.9323128119176,17.69689261727791,16.649874921017084,12.730557799204233,14.524722434921236,11.611740536513157,13.465209005232053,17.53086522526114,17.133853142012903,19.05406398395729,21.59808199911413,13.510339592475953,15.183381097703789,14.853439306359318,18.006690205578952,18.410568438153504,14.403766283970032,16.626375502728443,14.27947466502041,15.476533257620469,18.427443023429223,17.797937400540395,13.716740020373583,17.265398491287712,16.52241011395401,19.80799773234424,15.803539047884586,15.608578517427606,15.085609518909813,16.188004315903274,17.357486892772542,19.19788169419069,19.671537139463684,14.612279872697544,16.075374000397527,16.08909141186498,15.85711558728601,18.51923987888804,20.8005544035562,21.959705169278543,21.669174752248733,15.830130596592056,17.07924615428756,17.741607603031134,15.404734994932484,16.731907972062565,19.731762309481592,22.23170260441323,23.618899359288115,22.035795541985408,16.445153930123453,16.246703726297227,17.551936373340542,17.09704494898828,14.731853010998284,13.169571050451015,17.40172617740511,19.839303161101025,21.14201951282709,21.939106683717288,22.007511862108515,18.534698817312265,14.089645305988428,17.024133643755324,18.264623984082498,18.42848766454886,17.782917463259647,16.49131494743097,16.462446313388003,15.917652552335266,15.523930429259442,15.358617637697796,12.55852763003851,15.698112403391953,15.564908762997767
s3,14.121188507249387,14.35726648195318,14.71699961304924,13.245026249686893,11.893680831663652,11.965160334743697,12.552896089660786,14.196273944190922,12.53881823784998,14.189441166431344,12.849479296256044,14.948618903619892,15.274171748851042,12.533304637619562,12.336676064729536,17.586680984950988,14.601527216725644,18.39031929458584,24.692426597763085,20.986035778952825,17.486889550596953,12.928602963597749,18.93323247526421,22.443398194956902,12.022925727110144,19.53401588786188,14.524386547079008,17.105987870126416,15.294377851166791,14.886844342871102,15.59131162278894,16.303798204313104,15.066063868357588,13.294118266132182,13.17854948951853,12.947863634358152,12.625951527532091,13.799885647338014,14.126086232085273,20.34037350193934,14.543019916420889,18.05745798335512,18.5749481922242,17.821125002808238,18.891033214626496,12.952897126109283,16.053732674149284,17.102512456981696,16.402333025001393,11.617199900085817,11.278848940355545,14.328002646169963,12.512873270140648,12.49433495616138,13.4576241089993,13.799885647338014,13.480167785201818,12.952897126109283,11.275218804471823,15.288425435792108,15.071105844590765,17.16706392508437,17.59582569950351,16.229739304058988,7.636512979892099,18.03390849846338,18.640390662252013,14.561437118785848,15.154903982291064,16.469389727020538,17.01577069015243,19.024543817264146,17.42920788266679,16.118350652753843,16.283792228655773,15.634945047048738,15.136626325611225,14.39320773165367,13.500711325756736,13.119257531660374,15.07003222166484,12.819096164687076,13.627889837631535,12.908492111966009,16.49782168626554,16.95530874416178,18.516450612071747,12.915328467667154,14.612751838663106,13.938753031007494,16.496326390363723,15.657191171422594,13.534034515803771,9.002591252476119,15.137376293878264,17.708386668523385,23.58206165983022,14.571960884780632,16.175383063088347,14.787197719913948,17.67999259229583,14.311413985431978,14.340952337023491,21.056796689080127,22.41354483661534,20.98284717925687,22.26181348353467,15.026985227227016,15.871032292858931,16.474076220166932,17.12764824963784,12.955957141517915,14.325927186462842,20.19930800974961,21.41544353791496,18.333488061891497,12.484936010388935,15.166182818003062,15.451488720394364,13.851494499795445,13.931768137125054,10.550005332146885,17.763840474002524,19.48460783946549,19.27124675660896,16.927115847038213,15.838558566767352,15.0950476175035,13.288211274000302,11.902700531995544,12.66485283201273,15.30153270432898,13.745154628239478,14.448932209717595,15.95289369032638,12.95843154214402,12.819096164687076,12.915328467667154,14.612751838663106,13.938753031007494,16.496326390363723,15.657191171422594,14.571960884780632,16.175383063088347,14.787197719913948,15.026985227227016,15.871032292858931,16.474076220166932,17.12764824963784,12.484936010388935,14.3540632996816,11.717467978031106,13.015441937034256,17.396749328199917,17.2370381582886,18.47545609564181,21.418190377776213,13.303432595385813,15.29711170471065,13.001317887110778,17.47542313988308,18.278595923644065,14.64399567023198,16.084199486274603,13.199208978875852,16.05583674922178,18.219544018955983,18.035136181454234,13.971773050934678,17.476151993880535,17.174821291147296,18.92561208813392,13.108807235573464,14.203808452394355,14.511750079378931,14.909124049875068,15.465456619768188,17.20468413665571,17.15306763470533,13.888271556109723,15.632635727346296,15.368802912095736,14.562515133422773,17.543179328909183,19.540528446375028,20.577748934073504,20.026696899807547,15.917648512136608,16.927846465569353,16.81920343078488,14.447848199235253,15.62091696254756,19.088231685855952,22.055892057348498,22.83243496060133,19.67325617903544,15.76121544636382,16.415306765039247,17.196556059177723,15.851445186066172,14.032851048554273,11.941940704277648,16.71539598405943,19.687499921456613,20.73784036592592,21.08684543240942,20.599945432532508,18.011557879319525,13.631084334492062,17.306361792453014,18.23824983040373,18.40962888169136,17.695119286454414,15.590779607832769,14.73800362978383,15.96896176996652,14.955988722992531,14.51885608119145,12.151339519232092,14.430265539567644,13.233857157416187
s4,13.30179419786653,13.925854843970937,14.411284535851138,13.364769216081454,12.347215489490734,12.494751770474563,12.389967704378815,14.316820120228424,12.325298330542823,14.096957344275886,13.037279195460126,15.21670426414532,15.201038244914471,12.78058335280329,12.424041152045088,18.59947417217684,14.823005283876071,19.289074075449967,24.07028367029337,20.222012948612804,17.60598887257974,12.745135575491664,17.751846430997723,21.92907628143756,12.228071532870862,19.3479078211839,13.624916929847656,16.455473595515425,16.351219054790647,16.180327436482656,16.05380161828693,17.554270722486077,17.07513961865783,13.42863234216331,13.344136724499815,13.398303133218675,13.840670181361313,14.104381070812869,15.33507556971428,20.377047539445527,14.768662276005356,18.099893985484908,18.343599056134646,18.29585957137049,18.910397483399297,12.913956612124643,15.70147479111458,17.44787768625399,16.626346657776345,12.3393837731666,12.401256023843471,14.763147978151824,12.54921934770161,12.22116360433179,12.654652258085038,14.104381070812869,13.330271622036877,12.913956612124643,12.04236185823534,15.008723217127285,15.220790197972123,17.008780758910873,16.84745095336584,16.55076832166737,13.06154976380422,17.450833242279902,18.326219811443284,14.559076261492928,15.148433708210598,16.24934205081925,17.256416762310412,18.81353129747016,17.45664986104628,15.964314093575492,16.61347305445185,16.21945955173035,15.720779683024595,15.037178388004564,13.93220169936523,13.328955290947558,15.559910186682162,12.240068034056211,14.131281816702376,13.544148658306474,16.93349074697813,18.788093900979607,18.35777424149271,13.541457207442104,15.603462015834518,13.914981424435036,16.895469128124464,16.89358066597457,11.969668268926926,13.485416039702192,16.384165439686637,18.40052962563078,23.430855890729656,15.576566421698486,17.38902710415828,15.395622929723135,18.15369193693332,16.6191348177634,15.554629832164393,20.967083672754423,22.87482992548184,21.97909971557583,22.63707777461856,16.150365272715717,15.877825682937278,16.876645237998815,17.989809044168037,15.349951052641252,14.569609478456924,20.33565176779366,21.85791431426121,19.81560534391946,13.172131991972718,15.68373021706145,16.416400223670927,14.1692397529884,14.244234891201696,12.477361544957596,18.11160910351891,19.97074362659532,20.327246895345,16.95153323174019,16.5084249554455,15.534210714089136,14.125648117659937,12.615525627963786,12.342499720828334,16.077749577367612,13.69928127874609,14.763976908245905,16.117370852304305,14.024148668398356,13.240068034056211,13.541457207442104,15.603462015834518,13.914981424435036,16.895469128124464,16.89358066597457,15.576566421698486,17.38902710415828,15.395622929723135,16.150365272715717,15.877825682937278,16.876645237998815,17.989809044168037,13.172131991972718,14.761824553126033,12.389743522713914,13.662663518972268,17.518611030182164,16.590376011512287,18.03441600313073,21.013627712869884,13.24690002530607,15.401031147994397,13.505195652678823,17.598004750640303,18.643657765141505,14.84747277004582,16.153810981681016,13.548394199158226,15.92903205045719,17.95294798260606,18.191406769626,13.822496582124929,17.194470062206694,17.08039162719013,19.109859340544105,15.168337848299707,16.591620421473543,14.447693538256186,16.111348632620448,16.97810943520422,19.51245973237293,20.45313892119225,15.933795154223148,17.26427647123271,17.014948126810268,16.294795570284393,19.352261610701152,21.44845597561134,22.15226619296941,21.246602075911884,17.02350518725418,18.548343324461328,18.83519103190831,16.08036989344669,17.20172260725568,20.27626816245267,22.796238157735417,23.90486214755702,21.91039424828213,17.05645753087634,17.910163428727742,18.954242125715314,18.2558041598371,15.662036522064634,12.103917779236188,18.19020577705293,20.5996758950314,21.83461961293675,22.45180100474832,22.29086720955228,19.17067140757161,15.47855525182896,18.791923297249443,19.74923845991588,19.93917051299421,19.39882863998488,17.626202661966172,16.29401992713825,18.06941363641652,17.095369810852265,16.847474690629227,13.159490610250913,16.46714504153728,15.770868367818602
s5,13.645020462656705,14.3081790073276,14.55384531260552,13.51533927028802,11.5969292993303,9.276446080940348,12.622141003662971,14.16965954776738,12.174687662896812,14.247730704808824,12.907672993196334,15.056170457602285,15.515704008599457,14.88275659977088,13.710949772005026,18.771892057556503,15.195581745665228,19.581219450700424,25.34245579686469,21.45256843825318,17.75993234286497,13.468540440289326,19.714881673945264,22.499075791608817,12.847783883699275,20.03121543784293,15.29138353587755,18.230861661650422,14.99322197407762,14.690871146609592,15.26259040614414,15.841131265407313,14.715021128078517,14.143155429992063,13.65981767091479,13.570690622445673,14.238068421494296,14.770642581245667,15.199907494444894,20.80441314302705,15.4653625663566,18.61695133883536,19.514039953113148,18.57148606491005,19.48683848338037,12.64196890366164,17.231742196760575,17.471173231051996,17.367869893277312,12.74560649249549,12.385837379290322,15.345229127051152,13.71480675517565,12.127174888001816,13.505577595616758,14.770642581245667,13.02682266577466,12.64196890366164,12.883297828516294,16.0552409132999,15.977788291711349,18.79649493274528,18.108685970638284,17.0921042229624,15.370658466984898,18.71786934672471,19.11189236049266,17.001173945913102,16.44566468302272,17.335000348416855,18.224041632691407,19.73845520914567,18.458053814368423,16.664303746378536,17.248941917166423,17.017353045273158,16.43337599187083,15.47198517721065,14.820464055803912,14.59424302680834,16.770557027298366,12.013931129332285,15.307187588955834,14.61018648766421,18.042445175793528,18.418502688200004,18.96538049646773,12.69053205618418,14.073881520770762,14.41330198919168,17.832523944305805,17.034049522675215,14.134096175632273,14.554998948220174,16.13416816222585,19.129302431787416,24.40905901247753,15.570282586081998,16.53663266094321,16.572047355902853,19.16488814393328,15.206854509142506,16.34007303385997,22.24475458637177,22.98602849825042,22.24022005954311,23.41414574865566,14.947176601571526,16.709309127801518,18.208825382207,17.954100361570884,15.800668753231012,15.818800208012153,20.79157234625473,22.33836436784836,19.248194791762568,13.45345206629374,15.812002727034136,16.672453445861628,14.979973530843534,14.4139411097992,12.327738243647593,18.74524663423385,19.84749702553005,20.21425451079979,18.4518879188094,15.546331287042095,16.279965469817448,13.606641755115348,13.448463080816827,13.109549697856009,15.637721185966528,14.747232113440914,14.866512146145276,16.065839600162573,14.853794251959648,12.013931129332285,12.69053205618418,14.073881520770762,14.41330198919168,17.832523944305805,17.034049522675215,15.570282586081998,16.53663266094321,16.572047355902853,14.947176601571526,16.709309127801518,18.208825382207,17.954100361570884,13.45345206629374,14.243585783541238,13.073589002451232,14.162805421005986,17.861589754464312,17.238661148238585,18.79341891417879,21.6928774617609,13.877169083791058,15.780087974600674,14.21757137568075,17.630035993485823,18.360046141633493,14.713388630389028,15.98913226931584,13.992251219106578,16.52967263067903,18.654192858542466,18.68220020482408,14.365550522005266,18.09543907221906,17.92147163010479,19.465582918014185,14.855304938878716,14.920150697480262,13.49096122949094,15.095238495556629,15.89627133622114,17.457933561521017,17.337872478491327,14.45238828899321,15.875304749489343,15.51009662223418,15.286174600513576,17.853377251058646,19.63638218135988,20.452192488268945,19.70220418302315,16.25004336607019,17.139675826166677,16.887575025028294,14.457901431590267,16.681794390537444,19.64094871328676,21.91880696142725,22.54034068755178,18.97351981717044,15.800684733085472,16.57712671397511,17.096803526856235,15.881033547365588,15.190132296033358,11.872060257378084,17.940719385187673,19.86027440324236,20.724635534429872,20.953924033419863,20.23166619688635,17.67858694194001,13.61421791971164,17.30183798191257,18.09951552595509,17.96358858129192,16.812543515737858,14.577908227986102,15.135851841409496,15.949102626050763,14.736908690727605,14.496004433509407,8.72391398633684,13.905992475929908,12.59736967495566
s6,13.580562967702894,13.591284514208848,13.881179154438396,13.503877552842129,12.16971335870482,11.98395680204353,12.569116962372084,13.661345265160856,12.037264611846688,13.3565181365183,13.081349950556598,15.157118020933025,14.689869198195112,14.245314597476408,13.330224938373332,18.92904688015416,15.179189410702472,19.00394393388496,25.13303300459846,20.82226753267257,17.46685395256566,13.562054892819855,18.806947545623373,22.87120325680777,13.16428254371437,20.328753562751206,14.79357430609146,17.575435380125704,15.771412415343418,15.087895029254074,16.2592755975339,16.9704553487791,15.54523233350721,13.63881790260626,12.830388527742102,13.027466402260554,14.154235940427291,14.5626006942241,15.153234634482429,20.645059281946985,15.266641083127876,18.20530076936476,18.976967362520785,18.52545778738304,19.265386477282355,13.40175829900814,15.355525908085088,17.277273463079002,16.71640246160306,12.30747448832921,12.641522460283491,14.901873612505824,12.737022692015046,12.318598093730335,13.56004058370048,14.5626006942241,13.278038336285782,13.40175829900814,12.711296018385562,15.684984218183672,15.338833594498364,18.63378486447255,17.881766449758747,17.10610415661795,14.896221928891991,18.33258350175553,18.610884872907555,16.373285599067742,15.52982692066536,16.735876690085302,17.67077318083307,19.16085337365253,17.122726162495937,16.394691460334496,16.630186779174817,16.05297294235689,15.563611848597183,14.646363087079257,13.897420150981825,13.69069289625097,17.433070019983486,12.911596925124003,15.520406471057052,14.599445665949435,18.02441124935737,19.088317712397004,19.09318639348649,13.758128635699206,15.32021523959054,14.737847265494567,17.93640949696441,17.353716536575412,14.161793473955706,14.735223077098247,16.859941633648873,19.22558557086536,24.39284680176297,16.060991360549473,17.42616711529392,16.852859903119395,19.28440602618361,16.275479709362994,16.57300815508645,22.1752087006018,23.462345651920536,22.609693669225663,23.50916214655677,16.28183675188341,17.070967782479844,18.22628155088919,18.53589565045358,15.959623493875297,15.998838783845216,21.138067762287665,22.66384229796062,19.78907351041252,14.19685236201066,16.479914112596735,17.177320018441545,15.19882526995948,15.021864303916193,12.108987028886428,19.10650705719287,20.404083047108763,20.593232027371062,18.41207863998006,16.59362503254239,16.226540130881666,14.816068254082383,13.910948055992696,13.41456502176763,15.649949651162132,14.725416101486076,14.917703469877138,15.575394505911396,14.494210736020204,12.911596925124003,13.758128635699206,15.32021523959054,14.737847265494567,17.93640949696441,17.353716536575412,16.060991360549473,17.42616711529392,16.852859903119395,16.28183675188341,17.070967782479844,18.22628155088919,18.53589565045358,14.19685236201066,14.808760811527996,13.010377635427387,13.907306406442476,17.878697715351574,17.234108430545852,18.57207167101258,21.79877141269779,13.930417355889876,15.748687201433984,14.327350519138836,18.030665535332407,18.930871359802943,14.913833753740043,16.216149499101462,13.859432964412347,15.793848763420728,18.21788971878924,18.03128716007798,14.450084435691856,17.53324550737658,17.05531384537454,19.74143378285892,15.471562594637168,15.84511096151204,13.22417162403974,16.284089579099668,17.332316035316108,17.859802405074348,18.441457800695165,14.74484575262889,16.93837752685275,16.202621295107974,16.226976419315513,19.34469453260217,20.959681742981893,21.37867776465628,20.28481620914935,17.252054305113113,18.214219108047256,17.737925438738007,14.787828568213042,17.33473211610346,20.38751456738548,22.813811169717344,23.368142787011617,21.29816175953089,16.849894826705448,17.933564586287428,18.350717714750505,16.758817471641787,15.985686828987252,12.039955374376303,18.72047973380879,20.85974173968116,21.854735818588303,22.047119938089462,21.26398674689428,18.38301850086436,14.741780538950591,18.80102977396969,19.57788922489649,19.49091765760081,18.52482112586236,16.330662152303834,15.231494223915524,17.562320677431618,16.4468875150553,15.879697549449702,11.804327115990194,15.380631453643764,13.796113688158052
s7,13.359555421266087,13.63564787963268,14.142073620530478,13.585002409137392,12.595732136508294,12.85338793281307,13.23868403678494,14.6457370698384,13.318625579062498,14.475491611659928,13.92537982152768,15.677839509809504,15.0782147514,14.006779057621078,12.704018867592078,19.65592776619585,15.164981955451475,19.43766198421311,24.4257375803286,19.650019526114047,16.770820691974393,13.203879613741258,18.07512360486756,21.826183755287826,13.160213740918326,19.39524497717988,14.668147060988847,17.06183838507069,17.00031241628597,17.077805698388886,16.260868929466305,17.587216018420346,17.35327371296312,14.196295666537956,13.775098876734305,13.602302790288206,14.685499205563088,14.664645964050836,15.89808598243416,21.083771393557736,15.19486804214526,18.215932092305763,18.729202543716845,18.684043103244544,19.4700579177497,12.781141622828963,15.652483344319172,17.076210209932523,16.785388678405496,12.509758615438468,12.471408769667985,14.541798020001467,12.619825028324096,12.68610141117609,13.380783251132348,14.664645964050836,13.145321323792563,12.781141622828963,12.64717606356141,15.881923075635774,15.919548818507131,17.19829327410254,17.297731267331443,16.874945067596567,13.202330244556029,17.881205000146792,18.71841056110516,15.04623445663509,15.183486210513768,16.644614711730256,17.389784113792146,18.97969673919897,17.674507281807198,15.993673056017062,16.766308652420307,16.250979719063306,15.759190865564872,15.052321139040153,13.754865603431016,13.39751269755732,17.340146252164285,13.720589486895657,15.538145163050718,14.546288663720706,17.58428333710037,20.171547945378265,19.11168501732064,13.958267017306149,15.496159341893392,14.438618151787944,17.493016361972526,17.676204827464936,13.481250801325231,14.212574777557386,17.00577448711233,19.11858168523449,24.278730296349966,15.503806646577742,16.915689411735766,16.686816980416054,18.323534156585787,16.675323736609567,16.084042750276097,21.55823860793951,23.04713611011758,22.561540118384,23.095595396391392,15.373507378128243,16.254735443209302,17.320237174071845,17.69588545234856,16.15424537268521,15.234224885075848,20.400275360689896,22.25975875408881,20.29756906542622,13.385124499084569,15.37341064158292,16.391756765636206,14.79358341532894,14.519798580813186,12.555294022680592,18.08062852499369,19.71129614745183,20.7430471138824,17.81960382441474,16.58523510835403,15.874059155919296,14.259921064179755,13.652800616944354,11.608461423373369,14.937990256140646,12.765818466731584,14.559328804431278,14.709705339505646,13.782180895908786,13.720589486895657,13.958267017306149,15.496159341893392,14.438618151787944,17.493016361972526,17.676204827464936,15.503806646577742,16.915689411735766,16.686816980416054,15.373507378128243,16.254735443209302,17.320237174071845,17.69588545234856,13.385124499084569,15.621826966530293,13.44685172384507,14.866160983976611,18.335730026872643,17.289566906170172,19.16883051834267,21.607875531921763,14.06300307321504,15.811317764510736,14.473790104469126,18.50340044372303,19.059474390878545,15.531742010324264,16.881742912371273,14.857203494880949,16.554481871160387,18.66698714896994,18.13255033328141,14.922534682913458,17.952858001467384,17.306749566240583,19.40199070998129,17.507251165751452,18.64718604884362,16.879153760866313,16.723044991190125,18.873683778465743,20.78740051048077,21.22954928867117,16.58287717677196,18.357653163274144,18.45784226673657,16.950954601941994,19.84623467075587,22.08502634381541,23.122348685010767,22.57303090696297,17.295281345444433,18.99521256611627,19.558215964127616,17.727545522960718,17.614388536215106,20.58227273592559,23.07510628545627,24.26478986687099,22.801991568348942,17.345283829343767,18.166311422398103,19.33763195655532,18.85984560711416,15.853546137798173,15.54976053163619,18.557390285211707,20.955219047039623,22.12375286472725,22.69863295576288,22.593044645978235,18.69992904615895,15.85659047785972,18.66780213047645,19.75497747722348,19.9834344971905,19.523343756477267,17.91390429473187,17.172313427085605,17.772809937324237,17.35865292670987,17.005983036574158,13.772185625475686,16.675687347159926,16.245150330165046
s8,13.06978006314008,14.213340649947448,14.322137255056804,13.73720247276426,12.185905367802356,12.351527759959897,12.676553273454362,14.172798515818602,12.188389582685089,13.599175542117464,13.75511357497916,15.531155229126943,14.974364904746878,13.461864133550373,12.5925792585878,18.90091471212523,14.676072531561864,19.33751933390453,24.94967034472664,20.28762665690873,17.41256207944209,13.34470052940743,16.756390182895267,22.68703700388733,12.487792812349742,19.881998843228725,14.719057738854236,17.24468767194768,16.31367604532857,15.98450795251224,16.476432073067475,17.486119808175104,16.359609800628416,14.383367578701296,13.970264632210869,14.07816290202507,14.1715520221091,14.431009871639429,15.376916643957436,21.09605340014386,15.156253387404997,18.56041515627753,19.26249941226376,18.78321400493219,19.67790923947456,12.936152331557398,16.54726981551044,17.618971246668362,17.100914976320055,13.927793402821534,12.315111008211275,14.908676666442538,12.97130967717479,12.822459484470034,13.965262098534865,14.431009871639429,13.417080355743916,12.936152331557398,12.66761464091206,16.366949950981972,16.60901704373528,18.100781415882945,17.974187113792958,17.69336537862969,14.183467125952138,18.42565041273141,19.233127788641745,16.15753834032499,16.28128681404933,16.984685097867906,17.7009296227837,19.798876345572747,18.513979254998457,16.686156054505897,16.950256301567013,16.775173152394167,16.604988052426968,15.980312559212708,14.635322677064222,14.425850424375795,16.634411455839377,13.25795008636221,14.56136842777212,14.171720861151115,17.54348174678803,19.2213147248239,19.217262486470283,13.574279575067328,15.539412648030524,14.314990894573183,17.450192733029134,16.890169585075313,12.764071597919765,14.18066402242423,16.536396001647145,19.006927196548496,24.405688365112496,15.469335937512644,16.949893875064834,16.37818201438421,18.593218714627227,16.095723385930274,16.062863301763382,21.87132428007446,23.381347894326144,22.44076546964168,23.36590778939661,15.610805854358244,16.477380485025513,17.467023553202978,17.97002744071973,15.46331790321865,15.33992494184846,20.884952732141503,22.328851992359365,20.03362150642727,13.311083027732614,15.890318355365494,16.509917297762644,14.574295586560732,14.6886454820676,12.325229886428334,18.4558174185062,20.227282185346443,20.54139444118253,18.251353828199026,17.084815253590392,16.021430528680114,14.434639148867577,12.921819887889644,12.093182470541723,15.347562907487482,13.237315226798184,14.285133188476404,15.050707331349331,13.746636165621137,13.25795008636221,13.574279575067328,15.539412648030524,14.314990894573183,17.450192733029134,16.890169585075313,15.469335937512644,16.949893875064834,16.37818201438421,15.610805854358244,16.477380485025513,17.467023553202978,17.97002744071973,13.311083027732614,14.57479464611673,12.46658915216554,14.196793441066085,17.85252404799294,17.140329496654896,19.387540342319777,22.04349945196406,14.184939508063918,15.690840391830177,14.156539393806788,18.487567653902943,19.08422759261116,14.866224849798543,16.725407672949263,13.699075574348688,15.616044586157065,18.74074893713626,18.201783709150103,14.679520015407691,17.690820591802016,16.753988584355977,19.939924371324288,16.37517532436802,16.63077495962083,15.178001117371862,16.726468188123484,18.08834844625097,19.732133848301427,19.71816841380284,15.638102147381126,17.212693765140028,16.85728900429272,16.396387081230632,19.699607223463847,21.579969404751832,22.312712323138506,21.59703871557252,17.176901889559048,18.406168190194013,18.334758066411112,16.849521109830917,17.244580228181626,20.756144899089623,23.41245314798032,24.2078698987254,20.87924467844972,16.689668066507068,17.776248931280843,18.38407346673425,17.22961938058136,15.085947935687129,12.830579154876126,18.05580030015852,20.940215998657514,22.06302004956799,22.371651305975544,21.76918886563009,18.52846083727828,15.002400504246973,18.237334169722217,19.317063327082383,19.605108700146616,19.00260354051796,17.32095118340682,15.751884930428028,17.080529183373397,16.409221728803608,16.24886315033255,13.55964445177209,16.195819955190867,15.192003637472224
s9,13.812691406486246,13.970127555728514,14.47361893036878,13.088123554609885,11.773048264837264,11.97842325048426,12.13048460337384,13.963608118202512,12.386703791918286,13.787213758262295,13.509104476991348,15.249922955785928,14.891956695260395,13.457584606279267,12.608567996164536,18.871102125668543,14.70661569534674,18.83418920567872,24.41743529235308,20.41587694738758,17.456811791515296,13.087376033925636,17.301704587867995,22.428207694079564,12.557854895073964,19.180733818375565,13.903351472127811,16.762436678107743,15.60232949042717,15.378517963825498,15.471846562648514,16.645392547778858,16.08177619095952,14.131343406417727,13.567329384386532,13.5700885745083,13.97331610178856,14.19812514617256,15.546936667826762,20.585189053033364,15.16051463446297,18.21404420206669,19.080088470121783,18.57484976940746,19.29011055874082,12.688503732220804,16.61280364778485,17.992653359168532,16.755275357657524,12.451869832879446,12.304342915537188,15.0009308432462,13.177636547430929,12.350106672863548,12.975849760686105,14.19812514617256,13.431499877950358,12.688503732220804,13.334242644803345,16.12375214058138,15.963743985709728,18.73011036032804,18.398650994286697,17.150938112089122,14.53174188412073,18.86567856012788,19.179853810683195,16.43048430303713,16.124008449772752,17.137207415090103,17.97691178344336,19.6530289032168,17.950399701280368,16.8538566348987,16.959520118049916,16.66557921693321,16.384772198403454,15.345114296836549,14.609850318525435,14.42084707213864,16.623483164167446,12.944213061074574,14.994090016823458,14.134366201494837,17.345746614921676,19.190507220464283,19.16661675190717,13.217371799695757,15.35728630118171,14.49118814190001,17.075468624123637,16.923204685796144,13.883502116671847,13.861516630873185,16.687380702422004,18.94494726007117,23.91962182730593,15.34992224597497,16.939742895720347,15.785170553091875,18.41816478883716,16.470108458956066,15.984950948612568,21.333431325494143,23.288755657348965,21.95084358766189,23.099715711463624,15.63458615039913,16.105047704185584,17.216241512771923,18.244257043969547,14.541217443830767,15.550229781172948,20.86641169807058,21.867036554857307,20.04180161334294,13.389514237904908,16.277003442831383,16.500488467270586,14.969601083894135,15.03188734518253,12.249856017687138,18.695611679292654,20.57189489913984,20.40906931474417,18.54380477839329,17.0423647450508,16.1824826038807,14.933955476249398,13.380101088110392,12.818004247914084,16.01899855642432,14.09163404916389,14.716448932632357,15.73660597308108,13.894665714182768,12.944213061074574,13.217371799695757,15.35728630118171,14.49118814190001,17.075468624123637,16.923204685796144,15.34992224597497,16.939742895720347,15.785170553091875,15.63458615039913,16.105047704185584,17.216241512771923,18.244257043969547,13.389514237904908,15.318977047527902,12.70077161622454,13.873095418516842,17.690835404863595,17.204594036951807,18.708196967760223,21.58311712547375,13.896336894179262,15.674055869757431,13.908026126794883,18.05034388811285,18.737676207148866,14.922606255904023,16.591583344097568,14.000231320707885,16.06839545157501,18.5473387394649,18.20182059806356,14.534593846538224,17.662841241737578,17.165085623545675,19.73341285106083,15.51472998273979,15.815175065555326,13.873542547426744,15.999713696084148,17.068534286018124,18.620400709312907,18.565677758529613,15.137416902444464,16.482711323731774,16.212844168192134,15.871261088821406,18.682849247027583,20.651648816927416,21.309848118271685,20.460356619652536,16.39606539560671,17.765097242362508,17.897384789775497,15.527965813082252,16.92985677127963,19.821657901359064,22.101848319672445,23.06109642475278,20.779415253738467,16.436617261232502,17.219564911313302,18.0696316775583,17.158777748129438,15.190566318367912,12.180820175225442,17.74605641435438,20.13336959344085,21.27946639612788,21.79359306722029,21.4666824713736,18.60741493133115,14.500453522952098,17.764439240875774,18.8432044899521,19.14276465751145,18.57470386667776,16.672912374685737,15.165551289137394,16.093752127848504,16.35637339706651,16.185701168032697,11.889364740825316,14.972702551491324,14.267770471831414
s10,14.331277420655368,13.787944159224038,14.50717222280941,13.478991664538862,11.983327960233463,12.126507480787271,12.637156733180523,14.078836954651566,12.97886571804481,14.177854403884048,13.246839918188156,15.355271781051714,15.030802006830209,14.15170942848367,13.233134693735286,18.7136535990933,15.091611548787082,18.62705833275556,25.011767718077703,20.52108364425332,17.303879168806358,13.568097647026004,18.73369473208073,22.01558736393535,13.04545815864372,19.85875527123493,15.400040532864333,17.573981715157718,16.01349094104009,15.999044570539551,15.607146103704087,17.13651315145058,16.634033368638473,14.18222115806287,13.890398341364245,13.901625410386464,14.398928578127766,14.57488093955043,15.327216808175274,20.905094421973068,15.582433979396612,18.23957413685199,19.93895973773915,19.0090718936311,19.53307958742077,13.342564297331847,17.18963279453751,17.705314799226496,16.985502299575494,12.829886498883813,12.692296364629632,15.823304271475584,13.20245011020786,12.235392977485668,13.913389371833638,14.57488093955043,13.596474648212851,13.342564297331847,13.089412701961264,16.26736218601728,16.239520820468037,19.01855998299514,18.13255832264599,17.50796714488383,15.47280345873772,18.65266601350116,19.290433433694165,17.28102966107326,16.689756876912057,17.43121604595998,18.10779306423884,19.783128038106742,18.736358457608667,16.678631015045802,17.331472631603262,17.018187180767214,16.654912097448292,15.974661814390265,14.71546837920055,14.74315993326815,17.155905549784194,12.202408979111556,15.636153104338428,14.367070036786837,17.680436121790763,19.06163463377277,19.3078042279398,12.984618374938034,14.54721831579626,14.47336571808797,17.98152089981569,17.520095380119212,14.6806290859862,14.064095908512096,16.23279527958818,18.94033467903564,24.63336002547292,15.650861870342949,16.797502382513105,16.866320371601606,19.58185766601162,16.548883853555566,16.230859908739077,22.197101941692587,23.157117263444515,22.56402229982561,23.86636866548987,14.9176380605793,16.59917330966121,18.293365170029062,18.22090457412973,15.921952479998774,16.024387431759784,20.61502636326145,22.71874962877241,19.67373775850298,13.361334609230184,16.175016928093797,17.223423895408082,14.863904439638882,14.559503435386029,12.348565984098157,18.46779611356213,20.07951721515533,20.74705310557675,17.892222811583363,16.54117072779559,15.71788991318177,14.485061880629992,13.603207068231333,13.16096345454912,15.750562829261234,14.99687280926302,14.892883345429642,15.523235307020055,14.87300761601402,12.202408979111556,12.984618374938034,14.54721831579626,14.47336571808797,17.98152089981569,17.520095380119212,15.650861870342949,16.797502382513105,16.866320371601606,14.9176380605793,16.59917330966121,18.293365170029062,18.22090457412973,13.361334609230184,14.468026978779232,12.710276441738584,13.905319833065477,18.220915696921622,17.52661450353095,18.880632657497667,21.64180332933753,14.093029198842272,15.96773361566204,13.916817815686638,17.989728261506894,18.67243273346493,14.983621499176706,16.239636950371203,11.922293186066783,16.62417629555059,18.53898248580017,18.32977915174731,14.317418662165707,17.87119340365993,17.549084570896326,19.34277817111009,16.161811224969032,16.727029054617407,15.193957720578174,16.01377282323681,17.32447856750324,19.13133255401483,19.40971394607081,15.672328153747545,17.285688849089357,17.399634984068726,15.453513414704693,18.560281514306084,20.862058619552563,21.78029943711337,21.262724413889806,16.79641179962211,18.475578170239974,18.739457456638384,16.450525789360686,16.34122475212607,19.47235350912138,22.313930056648548,23.561713155454992,21.881307498723228,16.70120224684095,17.57308836652091,18.798554589328344,18.15971183498528,14.898854391342269,11.718770798557951,17.511564580825155,19.82432383106947,21.23873953010276,22.014599549532104,21.91140764434035,18.308301302683294,14.7865226146597,17.555601262733347,18.61717728300828,18.70713964922573,18.03850763071988,16.907217342705266,16.397425137163225,16.60642119231901,15.75676822151926,15.497294655287234,12.166285556981576,15.70562819082942,15.130717501772956
s11,13.875086589242487,13.673732952344585,14.09487506012599,13.768636229284605,12.007629302655197,12.04252355934618,12.64807929229938,14.533723646921448,12.202279427330271,14.33996557529394,13.05053639512558,15.51575352562239,15.879961314238418,14.400984468587067,12.879734967834835,19.956238081735613,15.697404838414853,20.120808461335063,24.95178111674812,20.397328716830263,17.783390766635517,13.208340253794493,19.324386973120216,22.78756210322344,13.66673511135939,20.055444164560672,14.557581175649885,17.342721882360305,16.068779722061265,15.843085559876895,15.690332361669256,16.981158646453448,16.563005055221307,13.533832822223795,13.290453025896648,13.176596538760194,13.617284062002954,13.713362470618176,15.209193802759088,20.483226264193707,14.59386598099224,18.0470027145004,18.51480237195603,18.18327339404229,19.048234031663977,12.404686573010489,15.967746043922876,17.096489755141544,16.72062389003167,12.013640960015197,11.665224001203368,14.66758539925674,12.36467342656414,11.992983571232047,12.850044266886064,13.713362470618176,13.086236309784454,12.404686573010489,12.974906220146464,16.14065124420324,15.847151413910847,17.55722811794199,17.33737294396808,17.22407583581173,14.1495380520856,18.580307039924715,18.87065563849328,15.329796080922076,15.61763687379478,16.771528140929536,17.63353540507737,19.457440265916382,18.160065765833004,16.377188266769704,16.699542362858562,16.44159156386786,15.983883929936626,15.387414063351152,14.04545356861186,14.171573214715108,16.362424037255483,12.503508808537202,14.376101837609555,13.640484553915664,17.30309131632708,19.409912105363183,18.7951972008238,12.751600037282016,14.446359327581217,13.89753528277756,16.708429645186957,16.896499226078657,13.451074706436511,13.793196894157209,16.649697411680936,18.789299658688787,24.06496024305061,14.850990444571291,16.64568671982551,16.307118803939623,18.227424688804863,16.388915749301034,15.991634157162274,21.64351629424197,23.15668719354509,22.37341726305128,23.119461543731816,15.367430930506972,16.299572798439886,17.421288410747366,17.763983182491238,15.988400961132273,14.354113405046617,20.68083596102022,22.224475868353995,20.22495949956542,13.300680316355328,15.781584225808672,16.3200107976166,14.45766413702814,13.995839818408855,13.297511147748429,18.23693329112988,20.00403333008201,20.581338721828573,18.010683320162176,16.78432810945223,15.972085060936536,14.161807520060494,13.275890091115386,12.135363828687916,14.76050407490111,13.708052521863824,15.011042164982516,15.272704053001725,14.414298817125818,12.503508808537202,12.751600037282016,14.446359327581217,13.89753528277756,16.708429645186957,16.896499226078657,14.850990444571291,16.64568671982551,16.307118803939623,15.367430930506972,16.299572798439886,17.421288410747366,17.763983182491238,13.300680316355328,15.113388968659509,12.63207458729272,14.202055969400169,18.20171431553375,17.42791772925693,19.075607327510674,22.06607562110625,13.773881712518785,15.775012160258123,13.7849784848016,18.04874088860687,19.23697025622517,15.165391012501168,16.382347595926557,13.409337223592466,16.180748118282366,18.556663329920585,19.028315972249523,13.845143851976289,17.420932685550977,17.539989817739436,19.59114664958909,16.427788170068307,17.116115406559484,15.79648253139294,16.196460454759723,17.77283249371429,19.499651665405743,19.705443996050843,15.401872450486255,16.780387077089316,16.599698365792097,16.004061587079896,19.01695146441909,21.2452478774746,22.06969391917628,21.35011072924632,16.358564928170907,17.887736082942453,18.280657064013457,16.40597351267643,16.87028093487697,19.9650256530432,22.56620710694744,23.66572302851589,21.345404635748444,16.576675372308575,17.080721210591957,18.14763689871396,17.50200273835764,15.33570319895732,14.129113332297054,17.87107327410441,20.118406587852736,21.24415187718272,21.78815236455986,21.64295834343128,18.027352843524888,14.750221979283443,18.472589402404648,19.391948165635,19.55811656296656,19.08778917699157,17.27690907142247,16.045945940877715,17.726819984915668,17.017295106362685,16.65339036123756,13.114818389784022,15.951096033583337,15.28946826454183
s12,14.01478457781496,13.973123643968997,14.791490182755055,14.298177275560931,12.404132603634343,11.70073085645714,11.926231043022586,13.507369799514606,9.212724008632405,13.280177978832562,12.80643666665673,15.021492815827722,14.660753669671193,12.983918888805368,12.388567957138417,19.273471311238804,14.97388814599752,18.633994228827856,24.817806163171777,20.32762707427774,17.321521317142917,13.340061715023658,17.455616338601637,22.11028009642215,12.46524614258418,19.167645348124605,14.249595972283922,16.837074371257845,16.134537419264895,16.16782985291251,15.929598136887767,17.36676452265417,16.861479247173364,12.060212638788048,12.304699350363176,12.785221054201054,11.709758985368698,12.640317833483897,13.80303066369458,19.215323076870103,13.421764817469237,16.66167547562045,16.859453744315687,16.946102567881987,17.676904005006584,11.792690185449626,14.400598338934817,15.505486818896715,15.131514183884898,8.469450626337172,11.598480423323382,13.03052652602385,11.487370393632036,8.957872599770065,11.62485977739205,12.640317833483897,12.12945451908092,11.792690185449626,13.27445043190332,16.35133039138596,16.48706100153929,18.16980304626362,17.897635610775403,18.02859873640888,14.304532726246064,18.437489726617063,19.12042224706601,16.11565857327097,16.218771239788246,16.79700283639388,17.641244660993728,19.741411851776995,18.722504704433668,16.781430678797832,17.15561018077261,16.71510857559745,16.81551522069542,16.161089153342704,14.626772846498556,14.6778897016587,16.337722051613184,13.598672830387038,15.252715081482432,13.821768110543337,16.819934249797342,19.48232883952196,19.56402320231181,13.759401480325357,15.24976062077967,14.438074928666529,17.29518581907255,17.373632464347672,14.054914460635278,14.457449122782124,16.474696944487416,18.62266236557992,24.29737021308801,15.493405561219449,16.81582949519605,16.470344754958212,18.623214408914983,16.707582789927248,15.535824376086053,21.818450951563616,22.82535154214883,21.99436260567123,23.18914216542098,15.634959019432046,16.19714308942898,17.70507727120613,17.523040837415387,15.442377076677396,15.136009508126865,20.296265826897127,21.65867639528544,19.44489381622469,12.740591727860837,15.445693309377162,15.871489386793442,14.592911674203307,14.371526522890008,12.095051753704052,17.81162195952148,19.638092111155583,19.92116585868004,17.580040451952858,16.48626372727095,15.581023645587276,14.205634553718506,13.26732855716459,12.271521494744997,14.733850850122597,13.94062669483372,14.351924051721856,14.653335107272488,13.492701960869484,13.598672830387038,13.759401480325357,15.24976062077967,14.438074928666529,17.29518581907255,17.373632464347672,15.493405561219449,16.81582949519605,16.470344754958212,15.634959019432046,16.19714308942898,17.70507727120613,17.523040837415387,12.740591727860837,14.988069410578328,11.686763251908353,12.798472931726092,17.444760426016476,17.084692848329805,18.25342539746425,21.77367713388378,13.280679868697987,15.658172894366658,14.382618667786868,17.24508140022872,18.72691392971577,15.065543633125255,15.318376848356753,13.685410597799802,15.277989349249705,17.627384931233014,17.868354113012032,13.27700773299264,16.955794391809807,16.82498220407898,19.78421070778253,13.88673409805477,14.50989589145504,14.045108272182304,16.31252833618747,17.803008077418564,18.701043523478408,19.04592775640016,16.21457488710839,16.900100407852435,16.949985279813276,15.569701862254565,18.45164674728296,21.131144724880656,22.32403171671818,21.910537978573643,16.519409053815547,18.211429909601847,18.757268358419385,16.527260523045598,16.315683645709836,19.67439376624441,22.93977006908862,24.228296084412584,22.194241640533576,16.80783526820208,17.76311668266408,18.98684574117556,18.29454035355412,14.812406352409475,9.861878603276013,17.475049684343578,20.49543286499154,21.92565622044217,22.733257999791224,22.689304948380872,18.865282209550784,15.520823057173056,18.58551354318115,19.877641479789546,20.33971920964923,20.01988337898749,18.232535538128094,16.620031469624088,18.250140348108378,17.716669703674736,17.506621218856672,14.692821637965778,16.552125174572357,15.787359993306223
s13,13.612534398363524,13.399917852362028,13.859162269201308,13.395103569785926,12.296788159139274,11.965676559903576,12.38261997598955,14.249338236448938,11.989381245390426,13.658301678147106,12.86120648459694,15.012683121817192,15.231913399984451,13.951544866593078,12.437072545536154,19.44403160147784,15.06712301815486,19.44207730700972,24.39048505888337,19.911895038769536,17.143059328032734,13.52550101023374,18.38879715787252,21.48060442662427,14.00263966499091,19.44847380474398,16.2118189178102,16.898001208322185,16.822455124087085,16.97168294984266,15.681837162037018,17.046215731549868,17.084569309050856,13.4063779914511,13.088707003883954,12.864309137834493,14.37030657790791,14.146683949901655,15.486556408961036,20.61422657067693,14.243457437475088,17.960504433384255,18.658608088912224,18.129564267531865,19.07288714188232,12.757741434766142,15.759337629128956,16.44595032307104,16.41339819935061,12.176486611737063,11.40718041203691,14.53427105618598,12.207199169543005,12.119023289856631,13.400570884759071,14.146683949901655,12.887060088037636,12.757741434766142,12.649504739440289,15.87303653363391,15.889132459808485,17.9252479462489,17.584163286628005,17.057873523532617,13.101109204363302,17.876280041966417,18.42340257763278,15.71231826453356,15.098161421686438,16.540144946004734,17.403611219272378,18.818419073982948,17.21329611568552,16.05885429870924,16.92208800040632,16.302093493685653,15.541766190268914,14.660739432388688,13.70914877311785,14.249309125997108,17.359225202237507,13.507370030097588,15.12089153446532,14.405046018583576,17.358052610869155,20.12832214448793,18.94106278989757,13.466302878114153,15.076061676862938,14.512305115355549,17.305011631819674,17.42156338553291,12.43121087053543,15.18071783174774,17.093994413579406,19.005696279965324,24.157500983514115,15.018518193296062,16.39442016496408,16.036380916439878,17.975947628414875,16.094276033965023,15.749105707063382,21.44386771009233,22.59610954344712,22.064052201928625,23.128088274168658,14.720394788071182,15.935205210475988,17.011199919501323,16.96783235182845,15.509556904233897,14.649867285129297,19.94390112548664,21.981118194436263,19.91207150458636,12.743803313759772,14.97235782093894,15.932542119915515,14.335535247502568,13.331908974918209,12.426287186796095,17.61363015674556,19.321895260941364,20.74035825598289,16.635349062938047,16.5104084878394,15.603840358543208,13.882517805973988,12.974871448863055,13.176371740791406,15.609036873979012,14.500036433257584,15.1614289447769,15.385349646664904,14.4090395411239,13.507370030097588,13.466302878114153,15.076061676862938,14.512305115355549,17.305011631819674,17.42156338553291,15.018518193296062,16.39442016496408,16.036380916439878,14.720394788071182,15.935205210475988,17.011199919501323,16.96783235182845,12.743803313759772,15.67988702779,12.533366012689452,14.342164705325049,17.733229250040914,16.803190926443193,19.01599437161841,21.72769797012448,13.217854503184046,15.327009865684971,13.695203788648378,18.337946097711374,19.205181457574767,14.50564795005739,16.485709185763024,8.605881835144972,15.562862518704774,18.17515219546636,18.39629288867328,15.35017368886099,17.005270816748126,17.36845271667491,19.659487529126284,18.678894080970707,19.79710636827973,16.787148179422086,17.050595854464635,19.209722254253872,21.141511665814736,21.729579685805746,16.69396106255168,18.52607990013701,18.94153231167557,16.998974910626412,19.56228434808329,21.8968111794005,23.14752357527748,22.833154999010468,16.94257306117054,18.70699130194729,19.72824309445744,18.21880768088325,17.69197918215092,20.147712780597296,22.58570549334583,23.901123671059366,22.16426029406072,17.24434869673358,17.395124060444722,18.64086913205928,18.73492191137648,15.664942823989987,16.18566468880546,18.333704065552546,20.403262456424624,21.38633192895242,21.998264870487542,22.13608834955876,18.04984287454832,15.081101344687868,18.221418399770588,19.20413008373263,19.157254306039103,18.74354577214118,17.58760509039331,17.375058211168678,17.154147493559414,16.513700496470268,16.24327802362481,15.067690437691017,16.100669561141125,16.05049230893985
s14,13.157830557197071,14.048310906668258,14.27675281499833,13.593492097441656,12.663090273699163,12.16248304199682,12.488918173399563,14.288162418559258,12.25190617934453,14.061062795270496,13.408310168979083,15.50701153650772,15.23177853166859,13.700714921771594,12.66711219556295,19.306662837836488,15.324701072275063,19.397338823985507,25.03165678126093,20.48281993852176,17.44566291727633,13.996603289151937,18.560876120818616,22.969826516359955,14.055493255225354,20.486709160547285,14.879441516690154,17.575798381748008,16.100141236271003,15.783261474894726,16.030830895414095,17.147223820232085,16.34522064468478,13.937735945093223,13.461026985872172,13.554350846168555,13.989740484762985,14.592268907479832,15.764641557190862,20.999438981567128,15.474572693774473,18.39253994546561,18.94118343430044,18.663776486305512,19.51933848523452,13.155068377601246,16.17324120452077,17.734407974234493,16.913629324455286,12.574861976625478,12.536904438509504,15.257014869867248,12.749804258430542,11.86603904682035,13.178074146018654,14.592268907479832,13.25587623159506,13.155068377601246,11.802066863418508,15.619026589905593,15.681714796838738,17.314301415722603,17.218313337341677,17.000618856600422,13.397804119827798,18.14615869142034,18.782522883373883,15.23280388301136,15.477535646501057,16.741827216935764,17.616591073429415,19.33082597648873,17.716904163473597,16.430647618970713,16.837699778601316,16.284005419403172,15.954262285624676,15.02520788767481,14.255466276321812,14.229319734094636,16.401844994948366,11.34270670613418,14.751774568685944,14.01165573038313,17.228493128358625,18.980682993541272,19.09035137160584,12.161151839232632,14.24463813157039,14.114276701920192,17.05545396894085,16.99008276358665,13.228073743847268,13.615455892155722,16.42605494167975,18.7977350909799,24.0340643244793,15.081631671823017,16.89469200216483,16.306459674384918,18.721346617227294,16.301721683095092,16.022585687354322,21.623326955280024,23.31040623069984,22.35108937631816,23.14684431966883,15.17956406113223,16.33221893858938,17.463368840141587,18.28669985975144,15.801356765042735,15.453502710790945,20.8704843325437,22.47782180630095,20.08723916634544,13.42135924066121,16.121799486546017,16.982690667087663,14.768094506122592,15.07207964958078,12.892501735614688,18.478160394685432,20.352240256003704,20.847066098153427,17.659024562039555,16.946733840783203,15.880118967931688,14.477814725102132,13.40567027657811,12.058989882902605,15.34502013263531,13.230910653577196,14.503064659447,15.434747005418082,14.009252442737548,11.34270670613418,12.161151839232632,14.24463813157039,14.114276701920192,17.05545396894085,16.99008276358665,15.081631671823017,16.89469200216483,16.306459674384918,15.17956406113223,16.33221893858938,17.463368840141587,18.28669985975144,13.42135924066121,15.020547081367022,12.773119791115953,14.272717431730412,18.20257789137555,17.570923168004125,18.98578788008539,22.023519339956312,14.077211609837784,16.12667722541677,13.978837833118892,18.31119518924244,19.3021226614511,15.718979184056828,16.833091581569654,14.576908696711216,16.67846223358519,19.057818052937726,19.164030530982654,15.359619950147986,18.208878667544003,18.02030099427835,20.203044586208804,16.27154378310167,16.31280233114912,14.185406840280748,16.564289734418022,18.142615285904203,19.511049605023835,19.06577525544732,16.04375001255999,17.273067730872512,16.68486651323987,16.82675753551463,19.69843093996345,21.543192636188856,22.025782841331665,20.77581536156781,17.15893580951001,18.68279308354852,18.60734229306774,15.13862630496168,17.76617079069343,20.77645919130877,23.02774126494414,23.90149597666261,20.40852699280008,16.65197465566285,17.66262182998323,18.453814011426875,17.306665093517456,15.584074697409132,11.907265758219191,18.364808092471595,20.58833523381667,21.63182376001859,21.998412317889915,21.5344598926086,18.171469108153985,15.31420184086944,19.060567678060657,19.94817452581349,20.121781163305872,19.5526582563238,17.173306053256802,15.863376639359217,18.16092380777795,17.220111681975723,16.825191913116857,12.98592129906978,16.100526645432915,15.36783339828949
s15,13.072321138612084,13.497412499895702,14.059407464285878,13.750963532857808,12.966223674766407,12.894282184185611,12.524278056036946,14.82388593820225,12.752524608985109,14.63275012627341,13.64729696377684,15.66234822747602,15.668850924750735,13.807830587370855,12.75473844309038,19.56692179924561,15.397712647288293,19.556538568846577,24.621300150027547,20.06556349380442,17.170905358091197,13.29885148116736,18.01776543770337,22.45766947455373,13.263671632756848,19.51971552603483,14.08148473045741,16.699671799017597,16.598411946488778,16.539384948507056,15.84145027962143,17.17689491780871,16.67757376894056,13.935104334729251,13.684668377817925,13.310711487119043,14.250870557525966,14.256829482497889,15.505060632147876,20.791252337942247,14.817269837531276,18.220229098502536,17.5132668739501,18.282873431561228,19.215504622803564,12.546695734747834,15.663588055376415,17.176729635164698,16.622968949603333,12.214955778273923,11.985452397843424,14.466330022554748,12.505867387732632,12.48076710476531,13.075021242081355,14.256829482497889,13.490048519043883,12.546695734747834,12.293167482430054,16.136607606301766,16.106950920264076,17.66389011974516,17.380625681684684,16.838562033657983,13.345795487529225,18.17454833850739,18.76760966407585,14.755868115105814,15.58129724191796,16.493252952727644,17.39657057577466,19.034431103904726,17.894043093223225,16.021219124466164,16.700156501762077,16.494951221510828,16.31056480111249,15.689628811198782,14.28451626277598,14.590227344879665,16.92011577635317,13.273349297684728,15.0633551499609,14.41945112074938,17.160009551436815,19.69924113714184,19.03195635807491,13.19237263840058,15.18644928974546,13.992354976407366,16.894287293115227,17.174231728249467,13.39588494558489,14.020303809809985,16.834121145251867,18.8141044247,23.9777535357634,15.124243164861989,16.837268003431575,16.016529350202198,18.06827767962153,16.44425480816359,15.746191862095896,21.351404382311127,23.14854198441125,21.964800636835825,22.96777186731845,15.44541721563997,15.925518286976358,16.929933660973646,17.648321792499118,14.842369565174174,15.034968437551951,20.520377380886167,21.94315009239402,19.65932725104442,12.916300013471115,15.527266859519871,16.113249652864003,14.59631758592154,14.464537679490604,12.031333324279109,18.07756712553952,19.899112847617985,20.37955249850117,17.87742500308802,16.99020262543401,15.936167108209304,14.163508768480265,13.361166907177958,12.39931663675154,15.60480653848952,12.974750106511042,14.424062645880078,15.20177822496571,13.491343502591972,13.273349297684728,13.19237263840058,15.18644928974546,13.992354976407366,16.894287293115227,17.174231728249467,15.124243164861989,16.837268003431575,16.016529350202198,15.44541721563997,15.925518286976358,16.929933660973646,17.648321792499118,12.916300013471115,15.575962090763085,12.771781109780372,14.255731735333663,17.94024608603743,17.356508123337996,18.659216951326027,21.87385458122213,13.803781625140598,15.885213377489857,14.144215566257914,18.05871123511368,19.36700783697812,15.442229953058268,16.408537649743625,14.152566630690178,16.45410518075036,18.322681063887483,18.728131935807195,14.247155264976458,17.619661628138594,17.68570729575657,19.6724680219497,17.578675227090486,18.395671710880293,18.066754290442667,16.76679960951219,18.83781067812673,20.6163720781091,20.85814434085067,16.543803910660323,18.05376989172417,18.042203920982125,16.981434333521022,19.76088777315941,21.91445408233196,22.811617471854703,22.17977459278969,17.183696425970844,18.72282298478497,19.123792156016567,17.230895907119404,17.58030776918659,20.51755170814178,22.967558513305462,24.02107959370504,22.09371440890757,17.0258482652055,17.80062109713269,18.75449859380437,18.31362926364086,15.646737472474854,16.044707378190786,18.39984475390872,20.753069667423688,21.75083690979363,22.114397318675262,21.9213063737183,18.129171184707623,15.299832097147682,18.36513550437663,19.408564056976488,19.616573022483024,19.08577448223988,16.903343562352937,16.439212644043316,17.294891358181644,16.80581254406539,16.567502292687312,13.398263514145642,16.206603869905162,15.466220003420448
s16,13.912991808623635,13.686446224020765,14.105045162839517,13.478691278725757,12.294898036399788,11.893510251008742,12.14343095575585,13.8718206137399,12.135911799633256,13.575415014434554,13.43896797863448,15.367110600080869,14.970572546850946,13.340541358223376,12.490747826005617,18.39068573640082,14.672730696780766,18.401787845988977,24.61024673752688,19.838811908151925,17.099337259750236,13.378194944180988,18.28512599949042,22.09111697744091,11.936034852868714,20.092279479215463,13.36897161713889,17.018201861363302,16.329175765372632,16.06430427547058,16.883581333488326,18.102245805774203,17.066960442986836,13.330923410631494,13.117491419684042,13.145075946481596,13.34992421545871,14.03611581385492,14.892082069315796,20.386113660142,14.716447143240742,17.555446479122978,18.10672078678035,18.04176916204075,18.68486125297516,13.031391350839778,15.153767851194209,16.51880147604143,15.799919186280352,12.947020520232652,12.001022970390103,14.581560527718011,12.110842789469787,12.36384095927671,12.99669890947044,14.03611581385492,12.873763919008558,13.031391350839778,12.424114357764571,16.017531713645976,16.071840417435308,18.039984296849205,17.673830587014354,17.095457710163625,13.658125467313427,17.8606575352417,18.46550572624554,15.687841083905838,15.313981125523718,16.56219786089692,17.424210827468027,18.958577847391847,17.286900289360744,16.28637795628889,17.01501887928104,16.557689475327827,16.019459336568133,14.951362592670902,14.218901025336956,13.67626846013921,16.23747444320347,13.383803468365317,14.766386338423324,13.59254276936574,17.27616542663775,18.74285797309765,19.165915673675865,13.34194349385776,15.10677550583086,14.58653430479815,17.567689031155076,16.984569674590624,12.743572271660993,13.962979190405829,15.776372017494747,18.94240655936514,24.33352268822245,15.23396963773204,16.581121288406695,16.254589817657443,18.54818729373361,16.30281970170989,15.732251461707204,21.455624150868527,22.760605927079805,22.101137422990515,22.86870304037662,15.193921540931004,16.320772995580977,17.0712321570188,17.4868188746458,15.38394728509372,14.708191130309377,20.13326686093381,22.398921045997444,19.478325433843946,13.464379732475123,15.773017178520824,16.814249219171842,14.00341270503616,14.572211576361228,12.477757876345551,18.23690126578338,19.880260396693792,20.73665128608324,17.018540257690894,16.325076635052493,15.48708388505693,14.465585120292504,13.061527825464132,12.254133750832413,15.331518379115844,13.272076968467266,14.546129835466871,14.873807440309308,14.12262663209686,13.383803468365317,13.34194349385776,15.10677550583086,14.58653430479815,17.567689031155076,16.984569674590624,15.23396963773204,16.581121288406695,16.254589817657443,15.193921540931004,16.320772995580977,17.0712321570188,17.4868188746458,13.464379732475123,14.880491336863631,12.489037404429316,14.339341216098784,18.073031611737807,17.50879803635053,19.29066049114893,22.05760848626037,14.3717083387621,16.113086766596794,14.57250685147867,18.695029633934976,19.558837843698885,15.519078271489706,16.927760649598095,14.058316108524428,15.959171545065834,18.614246806983267,18.31322426482033,14.953657954695393,17.680750154119284,17.11229413381544,20.26923124054216,15.823755435522028,15.929019681603528,14.261117157749252,16.91430540484454,18.090626154563985,19.534174852175227,19.332283944369383,16.08063457689951,17.45623871781464,16.955811319161345,16.747002517454955,19.9492768412297,21.73901632311191,22.38417963456977,21.598826244299936,17.67606569304778,19.03588614679961,18.871427197005502,15.57378230312811,17.588163924734435,21.122309883274625,23.84545775363436,24.74023784962869,21.724153841522813,17.19442517542863,18.60070009757773,19.166947794052287,17.87858384438842,15.801961159720385,12.607083104301326,18.60126436838012,21.323140620899448,22.75711321232749,23.32002666474452,22.76675240350696,19.33040903268868,15.858233615810663,19.645888255025067,20.601793370688977,20.65680663390013,20.051919768850546,18.377180606228908,16.267313758737714,18.722657813752825,17.772847749704184,17.212870968419526,13.85062118237765,17.251320367390004,16.34685530956576
s17,13.409747849525512,13.324450414168597,13.667876617896582,13.649357509810573,11.97909517210496,12.413499067670893,12.826085262547258,14.586585420233543,13.102525250018696,14.678645961465168,13.929222771882689,15.582656612041715,15.545657964664942,13.67732181275612,12.81687843178623,19.170025727251947,15.101708782767494,19.05281258198733,25.142440134367472,20.60703383142867,17.08519794249338,13.37375467436395,17.51048724034136,22.29235884069192,13.016806070395008,19.72773261237576,15.04402260266404,17.71230846552102,15.904050549902164,15.64423140361776,15.689368192970948,16.81144745912558,15.92591368470072,13.184364596404762,13.496109110507858,12.832669389884352,14.365453668247374,14.00649664352848,14.816095298608436,20.43499777109993,14.4102844856659,17.58235748391972,18.645848866613434,17.73123224094158,18.63928363031104,11.992003057232775,15.65703336929834,16.226262533927212,16.123666912921916,12.061532127815736,11.713633551018203,13.96328529353677,11.889705215045094,12.04877352039004,13.2259675671491,14.00649664352848,12.625359192029116,11.992003057232775,12.317879823210834,16.239383454338412,16.411197435924837,18.46738577561547,18.363290502158744,17.203282153340652,13.93720331854614,18.36135259971821,19.127967355292977,16.862265508708013,15.85532115582502,16.74143452259802,17.738161579088672,19.250870758812766,18.297172520415742,15.972756259248037,16.546646206756645,16.28595770998596,15.925162481991968,15.252956306840986,13.782555283566769,14.05704870626148,17.347085844840535,13.403231385424244,15.61237921796893,14.668085421432492,18.16229831201848,19.51777534604692,19.33072606326095,13.570664018175828,15.105835411021497,14.726444326586972,17.89717863455899,17.219816715819512,13.942568411127578,14.672418812157147,16.580826736392304,19.30877021567928,24.763667833615983,15.1455923353418,16.589507298777548,16.664963927845402,18.702316584507106,15.500997563931104,16.003518457755682,21.728026867014226,22.9874189193962,22.757737879938137,23.226591712668,14.843960759619025,16.184946300929287,17.415523182101474,17.62432173241582,16.490464632958272,15.245706015204838,20.286573743170432,22.118831690897995,19.982033082279983,12.552877297426315,15.327567230155363,16.034840684470925,14.333068294922134,14.355777503234702,12.84831792650303,17.90651642202922,19.45396734833897,20.080370781163104,17.963005321137402,16.556976621355584,15.66296917659527,14.050298153618568,13.209296050095954,13.6013117932687,16.502376729152818,14.634531396468237,15.422712042738809,15.710807424649955,14.6617289770114,13.403231385424244,13.570664018175828,15.105835411021497,14.726444326586972,17.89717863455899,17.219816715819512,15.1455923353418,16.589507298777548,16.664963927845402,14.843960759619025,16.184946300929287,17.415523182101474,17.62432173241582,12.552877297426315,14.498801493213758,13.027480879440324,14.702140119317493,18.235149067746573,17.53035476049536,19.369700190213184,22.05381826664096,13.95910541884376,16.038371043990825,14.366514337514005,18.434872304471824,19.062557129737108,15.092720119393022,16.716793038361082,14.456630039133035,16.51006610485332,18.877669156369866,18.62258708086032,14.77450776683864,18.2016190747188,17.694894673573472,19.69258082383604,16.144265508893483,17.730708000130385,16.700789418603925,16.547867966507027,18.363271339603106,20.054893233213463,20.08283885396378,15.91526754284093,17.684631012781804,17.49956854743699,16.370509355341706,19.420341010694948,21.17889997705721,21.91552553123537,21.24379876484637,16.894544521288704,18.20898164404633,18.459747116178704,16.474693314720973,16.72741939618148,19.873367473420902,22.45722353297784,23.336545059868858,20.72556084334889,16.296727504707846,17.352723210107744,18.218590750182333,17.420659762153612,14.702018234161438,13.2530378195056,17.314523970550425,19.939627752341643,21.14382535286608,21.5971517070532,21.1650509740562,17.738153721435065,14.962946767764738,17.122830395044673,18.23136652748797,18.506590277735928,18.00697540377698,16.9024903935323,16.28765173798143,16.11599091962521,15.649072419061556,15.375070582844073,12.80862622884212,15.466324589263069,14.698891032432698
s18,13.628201673818555,13.080406064021266,13.9880003471668,13.4933454948514,12.120085523496687,12.108368917342569,12.42180825758216,14.123654151051282,12.404326024770567,13.750437593725124,13.315359697175616,15.22858052518187,14.810331749939095,12.998567019181548,12.718106028141603,18.808436372986343,14.971902561724187,18.62226890662936,24.36525651870903,20.343969878318514,17.695875343692453,12.900459663144511,17.592887300372947,22.125054824513587,12.571946439506176,19.58045371973282,14.19772718410273,16.875648245292364,15.554619526991576,15.335619763369658,15.558777768497256,16.876398623323496,16.450997816463936,13.165859638781884,12.79714080892991,12.95126653757732,12.84083169658677,13.42725740328252,14.534323600580144,19.928885355714613,13.989994397355517,17.328269237356736,17.55760656643583,17.621107804656052,18.372106064611405,12.5131424137994,14.939274733463249,16.22798466011887,15.722859201749571,8.896127075617315,12.073703851304533,13.83434846135054,11.824761052836294,11.87605134479369,12.350860536019118,13.42725740328252,12.154476277939867,12.5131424137994,12.568439425730965,15.753871109383232,15.808243436800833,17.72696404568766,17.36839709289526,16.93646468258781,15.493751724683328,18.107795004052324,18.518569055532,15.240315045571968,15.574647479353883,16.61954460327447,17.225146023682182,19.23336539195669,17.684105844285032,16.276776593225975,16.65315988020063,16.18200078154473,15.84990748886564,14.957015043907273,14.14702578512115,13.627066265297405,16.146052529868257,13.156567097064126,14.454921433171338,13.711927036886795,17.048736057065895,18.879094161569164,18.775650490386216,13.31128101095717,14.927145336833927,13.918983113114642,16.745034684137426,16.73622530411937,13.32041108384835,13.42507723930868,16.125982479886453,18.47602579307468,23.652329083825425,15.189144879971304,16.543195251362423,15.664287481919224,18.13019530300121,16.171344169193247,15.552990740295682,21.287345884502667,22.56752372489283,21.54274990349423,22.620886240213327,15.25967030907907,15.985717869391967,17.044099530174986,17.405355758375524,14.461614284332748,14.756980197300956,20.21255834858252,21.714157835517977,18.71615964432296,12.731642883315065,15.384799294797816,15.787878459435408,13.807664089179502,13.977331503783589,12.213223585588045,17.628674177661832,19.439490228966285,19.80870562013384,16.56772599850561,15.770107549471035,15.190540099080128,13.898221361966309,12.186332801661816,12.135381595423633,14.652637405049152,13.38316996710092,13.976093662411625,15.13680863391073,13.318638468111535,13.156567097064126,13.31128101095717,14.927145336833927,13.918983113114642,16.745034684137426,16.73622530411937,15.189144879971304,16.543195251362423,15.664287481919224,15.25967030907907,15.985717869391967,17.044099530174986,17.405355758375524,12.731642883315065,14.323421803955997,12.109487211569617,13.58380512305055,17.33947095616675,17.222212465947152,18.926393797385145,21.73564360732925,13.739924020563224,15.702181704083294,13.792158905843332,18.07668865052275,18.95607430460826,15.193550832139213,16.294953852295638,14.023015152160967,15.52625223843022,18.115928870549787,18.080198970351,14.04796621372187,17.258397770167363,16.8783550611522,19.382816207191247,15.457266017806374,16.175699525313483,14.12016538130649,15.949200456670289,17.09348674563175,18.67032169874804,18.70388421353337,15.118972294539054,16.6483508663929,16.457065515613717,15.670617311456098,18.56591102971426,20.736118203418663,21.48002983328028,20.55012004130368,16.353102242522805,17.830589209885197,18.247948346158445,15.37410488139826,16.61968248533018,19.75148997575256,22.20222217569273,23.352464013213982,20.982117384916123,16.51469921396314,17.076090080185136,18.06464790230736,17.41724177950191,14.998688817679412,11.403362624939636,17.413407945828403,19.711513230170823,20.98494993515773,21.611132135226843,21.41323614349493,18.45421951801539,14.862449257463782,18.10529198317644,19.196533281130822,19.37802637950352,18.86938720249892,16.65355190684714,15.678308911269047,17.209697678357337,16.218551347675195,15.906334380333591,12.822920879822584,15.640805062631255,15.011664044013832
s19,14.233455240925108,12.769408369544037,13.852671337443253,14.073556978948778,13.140841155565456,12.711344897951278,12.078820042431172,14.013946343309724,11.864051456529818,13.56529101680716,13.402306661572949,15.498794761387645,14.867258652087308,13.697694772533712,12.8718644928277,19.413230358672173,15.044225752392808,19.30104111649325,24.56307225695434,20.152479358868547,17.550363666250448,13.293279803616755,17.199111631154864,22.28365584035146,13.021197109786431,19.140124438307243,14.309030093373408,17.138363964264162,15.103971465117368,15.162829068567325,14.634959489904308,16.23872371736836,16.07402041672075,12.491827647139718,12.582740083074162,12.68982762349644,12.027684958734604,13.262896801110838,13.795093559374234,19.140374327164537,13.24581645017827,16.292488636617115,16.823443690847334,16.960907646654746,17.550663683744297,12.01517064566638,14.169403594800563,15.613373385357711,14.993038188823428,7.555965057427217,11.624531488996327,13.13604940552318,11.434814968494772,11.733438491246906,12.37847203797764,13.262896801110838,12.290366354279056,12.01517064566638,13.275990387485578,16.512537988933474,16.710485694749927,18.1559905490598,18.263395024796537,18.23012290074209,13.790659958006264,18.35621854132569,19.04608769245972,16.43984003920067,16.464752909965526,16.59171083658455,17.49579169481238,19.69672627804225,18.38442046022806,16.454142325054885,16.818389721144968,16.51605704957928,16.888195884066974,16.31527061408559,14.617795946257807,15.307024518276158,16.961793524701594,12.80145097650552,15.618180776671524,14.50036599002174,16.73007520896824,19.75641953093767,19.91480984893912,13.301941339078455,14.908506358625647,14.674852483340729,17.02305823620897,17.452887378495696,14.402852531658372,13.560576820136797,16.61719497722086,18.906252717613786,24.126320001380904,14.94832136533908,16.70337531843748,16.00691343248036,18.44394328388649,16.834599086596725,15.45739676543276,21.341739064292653,22.94159696635157,22.08971453538896,22.943656857185346,15.234258572392916,15.79310430462596,17.347770222091025,17.84039461063746,15.1953830227998,14.739432350335552,20.3302124875115,21.568291211440577,19.49951454681284,12.670460399904163,15.42173149883818,15.869125214730987,14.095448765097478,14.234232611645588,12.582226451129287,17.737012142627833,19.644427632819525,19.85941189111036,17.096427852988498,16.54879211245224,15.164508785380884,14.115655723748956,12.99120500779146,12.495818763491055,15.204060545741733,13.838908815444508,14.622745712891,15.128832063873835,13.638331384578969,12.80145097650552,13.301941339078455,14.908506358625647,14.674852483340729,17.02305823620897,17.452887378495696,14.94832136533908,16.70337531843748,16.00691343248036,15.234258572392916,15.79310430462596,17.347770222091025,17.84039461063746,12.670460399904163,15.45920564478665,12.561395358757112,13.921123096977668,18.35857102212317,17.510548227028572,19.28387475593567,22.379296092649287,14.246129930764576,16.244055717273632,14.532434332289563,18.800058720188613,19.863057386954672,15.772903914664568,17.071539813863865,14.12074153724634,15.871092027863252,18.778303504065263,18.631506021434944,14.744805457036136,17.7606751730733,17.20809010830144,20.32908279473589,14.589151131924655,15.237423470663348,13.726369199186315,14.951246178634978,16.088033479597566,17.998181122073827,18.320384314489097,14.424021203790726,16.13781484252526,16.289820512056732,15.040142974546638,17.675931035388718,20.2785845114246,21.412981517054217,20.78997806233846,15.704187384433135,17.38645436694613,18.021564427968805,15.773237537910196,16.10465600476203,19.085103757339567,21.738257266081447,23.18036523630522,20.535760299151093,16.069807827666207,16.610523290081893,17.92586213681365,17.58743185564681,14.574340631454108,11.451890756144431,17.331794915163446,19.72282705702328,21.018244688496672,21.63128305884452,21.678215619394543,18.07074451502477,14.173721185611427,17.3379882487634,18.577267987335365,18.97739750998569,18.703421193942,16.737676453506634,15.190419087448442,17.099292523769524,16.389845760204672,16.022242417869503,12.381220291363729,14.881131065849958,14.461904864394402
s20,13.693957492955892,13.910089568293376,14.300190892259511,12.78460912732563,11.30014533650499,11.771447439001888,12.437810573905407,13.29376551410477,13.725944549698175,13.536166984599385,13.107628898431118,15.059789652574455,14.490912673751229,13.628337906387936,12.593163496178148,18.928770909888065,14.759997129190848,19.098148986828686,24.45732403930984,20.505599524201497,17.722636868713284,13.79452437427711,17.819622538074142,22.53104301076491,14.392783539793824,19.035404798655584,15.72761589390936,16.57535756557696,15.912825000621469,15.520883497291916,16.002706590905063,17.099962124441088,16.321182000972136,13.777105193168358,13.126368557713327,13.233642140050584,14.394189948614525,14.070207747626789,15.359935839956416,20.393411289099404,14.832916834754313,18.24943633863368,18.762137577032544,18.389494693348063,18.95535834269959,12.159341836770546,16.38348735317517,17.597840406087254,16.754160612734662,11.8257039838508,12.130118612596656,14.266936113740876,12.744163385356348,11.936398938389384,13.10579844799661,14.070207747626789,13.410953508100796,12.159341836770546,12.3475458807764,15.3134551391649,15.009242947535906,17.505170680438653,17.18404117616489,16.31885224976915,12.787105794452971,17.986448453433443,18.70932370778328,14.403982692156092,15.184064732555637,16.57135975485118,16.97305137390206,18.95334250944741,17.377502829806037,16.23606812158344,16.127562024595278,15.64280427809554,15.409342464798012,14.61464554113604,13.639564925779093,12.663385749506643,16.705209358382866,12.582629178738824,14.324177887520475,14.461214310204216,17.598119715610665,18.79215859636896,18.247750121265664,13.07992078660208,14.894752092890707,14.085903754353032,16.764019224171303,16.491392328678028,13.184157327413644,14.370372675056911,16.662127718058453,18.7125480642304,23.6077385137766,15.347363754393864,16.828662340331334,15.558441603314488,18.195591306401045,15.799741781909216,15.881090331924176,21.34350077774947,23.03685343429698,21.993158163345942,22.733012226469864,15.54328781113214,16.113894675141005,17.310514099653222,18.13164691906825,15.27699429433422,14.917216910877867,20.79053419262332,21.55869690610111,19.611464365769024,13.297308173473896,15.948185090240726,16.212983814478758,14.687905461664714,14.86656384705681,12.276516131334356,18.607905169627216,20.173195627306114,19.64631763078752,17.84980524062196,16.263143760472097,15.785335252583584,14.227914637786752,12.792131463152918,12.464728613523858,15.178890785777476,13.260750062685805,13.826928761572452,15.5266607255857,12.859255445114028,12.582629178738824,13.07992078660208,14.894752092890707,14.085903754353032,16.764019224171303,16.491392328678028,15.347363754393864,16.828662340331334,15.558441603314488,15.54328781113214,16.113894675141005,17.310514099653222,18.13164691906825,13.297308173473896,13.98324548126136,13.30791898541092,14.295290873930314,17.609524177661388,16.64315541100292,18.530786323284232,20.976505385197857,13.80867876823504,14.866384320032958,13.726923848614772,17.575893914754662,17.880765919558907,14.34057600326771,16.04195732277627,13.60953230663926,15.63163765156564,18.20575437545577,17.260473097883676,14.29775434506954,17.39002771453635,16.220293263849676,18.85356414413356,17.095102434482733,17.357640882543926,13.921324930551622,16.75854971259667,18.65997716473316,19.708914009264387,19.32204557011512,15.775778915807448,16.937730409744983,16.49458448224452,17.005765230845967,19.60501864377861,21.26805360520695,21.719225603977485,20.5293806293888,16.76005443138316,18.050078589052887,18.14500787792016,15.317487355105795,17.699839996514083,20.44083895306069,22.4894514249567,23.309752252251435,21.553251160025347,17.11462080022548,17.86735526859454,18.55378297855116,17.55821530763932,16.20096919294396,11.72834700836084,18.65317585354048,20.91553803796304,22.01808911274453,22.450453986260328,21.99220324293061,19.254798860771785,15.426641039468723,18.232356942112087,19.296879311961707,19.664450415453363,19.09358214455337,17.534947055390166,15.47657593457916,17.401363596353864,16.64749269033067,16.4401026669176,14.063882020563698,15.384756583556664,14.452232568931915
